config_id,dish,placement_id,placement_x,placement_y,cost_g,cost_not_g,p_cook,lambda_param,max_timesteps,U_full,U_oracle,U_inference_ablation,U_efficiency_ablation
6be479f8-4a3f-4d97-8f06-0f301b0acd64,OnionSalad,0,1,1,100,100,0.5,1.0,100,-150.0,-100.0,-150.0,0.5
6be479f8-4a3f-4d97-8f06-0f301b0acd64,OnionSalad,1,2,1,100,100,0.5,1.0,100,-150.0,-100.0,-150.0,0.5
6be479f8-4a3f-4d97-8f06-0f301b0acd64,OnionSalad,2,3,1,100,100,0.5,1.0,100,-150.0,-100.0,-150.0,0.5
6be479f8-4a3f-4d97-8f06-0f301b0acd64,OnionSalad,3,4,1,100,100,0.5,1.0,100,-150.0,-100.0,-150.0,0.5
6be479f8-4a3f-4d97-8f06-0f301b0acd64,OnionSalad,4,1,2,21,21,0.5,1.0,100,-31.5,-21.0,-31.5,0.5
6be479f8-4a3f-4d97-8f06-0f301b0acd64,OnionSalad,5,2,2,21,21,0.5,1.0,100,-31.5,-21.0,-31.5,0.5
6be479f8-4a3f-4d97-8f06-0f301b0acd64,OnionSalad,6,3,2,21,23,0.8807970779778824,1.0,100,-23.741667206508705,-21.0,-32.5,0.8807970779778824
6be479f8-4a3f-4d97-8f06-0f301b0acd64,OnionSalad,7,4,2,21,23,0.8807970779778824,1.0,100,-23.741667206508705,-21.0,-32.5,0.8807970779778824
6be479f8-4a3f-4d97-8f06-0f301b0acd64,OnionSalad,8,1,3,21,23,0.8807970779778824,1.0,100,-23.741667206508705,-21.0,-32.5,0.8807970779778824
6be479f8-4a3f-4d97-8f06-0f301b0acd64,OnionSalad,9,2,3,21,23,0.8807970779778824,1.0,100,-23.741667206508705,-21.0,-32.5,0.8807970779778824
6be479f8-4a3f-4d97-8f06-0f301b0acd64,OnionSalad,10,3,3,21,25,0.9820137900379085,1.0,100,-21.449655249052288,-21.0,-33.5,0.9820137900379085
6be479f8-4a3f-4d97-8f06-0f301b0acd64,OnionSalad,11,4,3,21,25,0.9820137900379085,1.0,100,-21.449655249052288,-21.0,-33.5,0.9820137900379085
6be479f8-4a3f-4d97-8f06-0f301b0acd64,TomatoSalad,0,1,1,100,100,0.5,1.0,100,-150.0,-100.0,-150.0,0.5
6be479f8-4a3f-4d97-8f06-0f301b0acd64,TomatoSalad,1,2,1,100,100,0.5,1.0,100,-150.0,-100.0,-150.0,0.5
6be479f8-4a3f-4d97-8f06-0f301b0acd64,TomatoSalad,2,3,1,100,100,0.5,1.0,100,-150.0,-100.0,-150.0,0.5
6be479f8-4a3f-4d97-8f06-0f301b0acd64,TomatoSalad,3,4,1,100,100,0.5,1.0,100,-150.0,-100.0,-150.0,0.5
6be479f8-4a3f-4d97-8f06-0f301b0acd64,TomatoSalad,4,1,2,21,21,0.5,1.0,100,-31.5,-21.0,-31.5,0.5
6be479f8-4a3f-4d97-8f06-0f301b0acd64,TomatoSalad,5,2,2,21,21,0.5,1.0,100,-31.5,-21.0,-31.5,0.5
6be479f8-4a3f-4d97-8f06-0f301b0acd64,TomatoSalad,6,3,2,23,21,0.11920292202211756,1.0,100,-41.49673863753553,-23.0,-33.5,0.11920292202211756
6be479f8-4a3f-4d97-8f06-0f301b0acd64,TomatoSalad,7,4,2,23,21,0.11920292202211756,1.0,100,-41.49673863753553,-23.0,-33.5,0.11920292202211756
6be479f8-4a3f-4d97-8f06-0f301b0acd64,TomatoSalad,8,1,3,23,21,0.11920292202211756,1.0,100,-41.49673863753553,-23.0,-33.5,0.11920292202211756
6be479f8-4a3f-4d97-8f06-0f301b0acd64,TomatoSalad,9,2,3,23,21,0.11920292202211756,1.0,100,-41.49673863753553,-23.0,-33.5,0.11920292202211756
6be479f8-4a3f-4d97-8f06-0f301b0acd64,TomatoSalad,10,3,3,25,21,0.01798620996209156,1.0,100,-45.62228959079608,-25.0,-35.5,0.01798620996209156
6be479f8-4a3f-4d97-8f06-0f301b0acd64,TomatoSalad,11,4,3,25,21,0.01798620996209156,1.0,100,-45.62228959079608,-25.0,-35.5,0.01798620996209156
74b431e8-e8ca-48fd-b5b4-ab6f32563faf,OnionSalad,0,1,1,100,100,0.5,1.0,100,-150.0,-100.0,-150.0,0.5
74b431e8-e8ca-48fd-b5b4-ab6f32563faf,OnionSalad,1,2,1,50,34,1.12535162055095e-07,1.0,100,-83.99999617380449,-50.0,-67.0,1.12535162055095e-07
74b431e8-e8ca-48fd-b5b4-ab6f32563faf,OnionSalad,2,3,1,46,48,0.8807970779778824,1.0,100,-51.72174025706164,-46.0,-70.0,0.8807970779778824
74b431e8-e8ca-48fd-b5b4-ab6f32563faf,OnionSalad,3,4,1,100,100,0.5,1.0,100,-150.0,-100.0,-150.0,0.5
74b431e8-e8ca-48fd-b5b4-ab6f32563faf,OnionSalad,4,1,2,100,100,0.5,1.0,100,-150.0,-100.0,-150.0,0.5
74b431e8-e8ca-48fd-b5b4-ab6f32563faf,OnionSalad,5,2,2,30,32,0.8807970779778824,1.0,100,-33.81449350470776,-30.0,-46.0,0.8807970779778824
74b431e8-e8ca-48fd-b5b4-ab6f32563faf,OnionSalad,6,3,2,26,34,0.9996646498695335,1.0,100,-26.01140190443586,-26.0,-43.0,0.9996646498695335
74b431e8-e8ca-48fd-b5b4-ab6f32563faf,OnionSalad,7,4,2,100,100,0.5,1.0,100,-150.0,-100.0,-150.0,0.5
74b431e8-e8ca-48fd-b5b4-ab6f32563faf,OnionSalad,8,1,3,100,100,0.5,1.0,100,-150.0,-100.0,-150.0,0.5
74b431e8-e8ca-48fd-b5b4-ab6f32563faf,OnionSalad,9,2,3,100,100,0.5,1.0,100,-150.0,-100.0,-150.0,0.5
74b431e8-e8ca-48fd-b5b4-ab6f32563faf,OnionSalad,10,3,3,100,100,0.5,1.0,100,-150.0,-100.0,-150.0,0.5
74b431e8-e8ca-48fd-b5b4-ab6f32563faf,OnionSalad,11,4,3,22,30,0.9996646498695335,1.0,100,-22.010060503913994,-22.0,-37.0,0.9996646498695335
74b431e8-e8ca-48fd-b5b4-ab6f32563faf,TomatoSalad,0,1,1,100,100,0.5,1.0,100,-150.0,-100.0,-150.0,0.5
74b431e8-e8ca-48fd-b5b4-ab6f32563faf,TomatoSalad,1,2,1,34,50,0.9999998874648379,1.0,100,-34.0000056267581,-34.0,-59.0,0.9999998874648379
74b431e8-e8ca-48fd-b5b4-ab6f32563faf,TomatoSalad,2,3,1,48,46,0.11920292202211756,1.0,100,-88.51666558698258,-48.0,-71.0,0.11920292202211756
74b431e8-e8ca-48fd-b5b4-ab6f32563faf,TomatoSalad,3,4,1,100,100,0.5,1.0,100,-150.0,-100.0,-150.0,0.5
74b431e8-e8ca-48fd-b5b4-ab6f32563faf,TomatoSalad,4,1,2,100,100,0.5,1.0,100,-150.0,-100.0,-150.0,0.5
74b431e8-e8ca-48fd-b5b4-ab6f32563faf,TomatoSalad,5,2,2,32,30,0.11920292202211755,1.0,100,-58.42391233933647,-32.0,-47.0,0.11920292202211755
74b431e8-e8ca-48fd-b5b4-ab6f32563faf,TomatoSalad,6,3,2,34,26,0.00033535013046647805,1.0,100,-59.991280896607876,-34.0,-47.0,0.00033535013046647805
74b431e8-e8ca-48fd-b5b4-ab6f32563faf,TomatoSalad,7,4,2,100,100,0.5,1.0,100,-150.0,-100.0,-150.0,0.5
74b431e8-e8ca-48fd-b5b4-ab6f32563faf,TomatoSalad,8,1,3,100,100,0.5,1.0,100,-150.0,-100.0,-150.0,0.5
74b431e8-e8ca-48fd-b5b4-ab6f32563faf,TomatoSalad,9,2,3,100,100,0.5,1.0,100,-150.0,-100.0,-150.0,0.5
74b431e8-e8ca-48fd-b5b4-ab6f32563faf,TomatoSalad,10,3,3,100,100,0.5,1.0,100,-150.0,-100.0,-150.0,0.5
74b431e8-e8ca-48fd-b5b4-ab6f32563faf,TomatoSalad,11,4,3,30,22,0.0003353501304664781,1.0,100,-51.99262229712974,-30.0,-41.0,0.0003353501304664781
908ba92f-7e3f-40cf-a293-86847bd7f04f,OnionSalad,0,1,1,100,100,0.5,1.0,100,-150.0,-100.0,-150.0,0.5
908ba92f-7e3f-40cf-a293-86847bd7f04f,OnionSalad,1,2,1,57,49,0.0003353501304664781,1.0,100,-105.98356784360715,-57.0,-81.5,0.0003353501304664781
908ba92f-7e3f-40cf-a293-86847bd7f04f,OnionSalad,2,3,1,59,49,4.5397868702434395e-05,1.0,100,-107.99777550443358,-59.0,-83.5,4.5397868702434395e-05
908ba92f-7e3f-40cf-a293-86847bd7f04f,OnionSalad,3,4,1,100,100,0.5,1.0,100,-150.0,-100.0,-150.0,0.5
908ba92f-7e3f-40cf-a293-86847bd7f04f,OnionSalad,4,1,2,41,41,0.5,1.0,100,-61.5,-41.0,-61.5,0.5
908ba92f-7e3f-40cf-a293-86847bd7f04f,OnionSalad,5,2,2,53,41,6.144174602214717e-06,1.0,100,-93.9997480888413,-53.0,-73.5,6.144174602214717e-06
908ba92f-7e3f-40cf-a293-86847bd7f04f,OnionSalad,6,3,2,53,45,0.0003353501304664781,1.0,100,-97.984909244129,-53.0,-75.5,0.0003353501304664781
908ba92f-7e3f-40cf-a293-86847bd7f04f,OnionSalad,7,4,2,55,51,0.01798620996209156,1.0,100,-105.08270329193333,-55.0,-80.5,0.01798620996209156
908ba92f-7e3f-40cf-a293-86847bd7f04f,OnionSalad,8,1,3,53,41,6.144174602214717e-06,1.0,100,-93.9997480888413,-53.0,-73.5,6.144174602214717e-06
908ba92f-7e3f-40cf-a293-86847bd7f04f,OnionSalad,9,2,3,53,45,0.0003353501304664781,1.0,100,-97.984909244129,-53.0,-75.5,0.0003353501304664781
908ba92f-7e3f-40cf-a293-86847bd7f04f,OnionSalad,10,3,3,53,53,0.5,1.0,100,-79.5,-53.0,-79.5,0.5
908ba92f-7e3f-40cf-a293-86847bd7f04f,OnionSalad,11,4,3,100,100,0.5,1.0,100,-150.0,-100.0,-150.0,0.5
908ba92f-7e3f-40cf-a293-86847bd7f04f,TomatoSalad,0,1,1,100,100,0.5,1.0,100,-150.0,-100.0,-150.0,0.5
908ba92f-7e3f-40cf-a293-86847bd7f04f,TomatoSalad,1,2,1,49,57,0.9996646498695336,1.0,100,-49.019114957436585,-49.0,-77.5,0.9996646498695336
908ba92f-7e3f-40cf-a293-86847bd7f04f,TomatoSalad,2,3,1,49,59,0.9999546021312976,1.0,100,-49.00267847425344,-49.0,-78.5,0.9999546021312976
908ba92f-7e3f-40cf-a293-86847bd7f04f,TomatoSalad,3,4,1,100,100,0.5,1.0,100,-150.0,-100.0,-150.0,0.5
908ba92f-7e3f-40cf-a293-86847bd7f04f,TomatoSalad,4,1,2,41,41,0.5,1.0,100,-61.5,-41.0,-61.5,0.5
908ba92f-7e3f-40cf-a293-86847bd7f04f,TomatoSalad,5,2,2,41,53,0.9999938558253977,1.0,100,-41.00032564125392,-41.0,-67.5,0.9999938558253977
908ba92f-7e3f-40cf-a293-86847bd7f04f,TomatoSalad,6,3,2,45,53,0.9996646498695336,1.0,100,-45.01777355691472,-45.0,-71.5,0.9996646498695336
908ba92f-7e3f-40cf-a293-86847bd7f04f,TomatoSalad,7,4,2,51,55,0.9820137900379085,1.0,100,-51.989241547915036,-51.0,-78.5,0.9820137900379085
908ba92f-7e3f-40cf-a293-86847bd7f04f,TomatoSalad,8,1,3,41,53,0.9999938558253977,1.0,100,-41.00032564125392,-41.0,-67.5,0.9999938558253977
908ba92f-7e3f-40cf-a293-86847bd7f04f,TomatoSalad,9,2,3,45,53,0.9996646498695336,1.0,100,-45.01777355691472,-45.0,-71.5,0.9996646498695336
908ba92f-7e3f-40cf-a293-86847bd7f04f,TomatoSalad,10,3,3,53,53,0.5,1.0,100,-79.5,-53.0,-79.5,0.5
908ba92f-7e3f-40cf-a293-86847bd7f04f,TomatoSalad,11,4,3,100,100,0.5,1.0,100,-150.0,-100.0,-150.0,0.5
923da982-5016-4456-980f-fe08463be1e4,OnionSalad,0,1,1,100,100,0.5,1.0,100,-150.0,-100.0,-150.0,0.5
923da982-5016-4456-980f-fe08463be1e4,OnionSalad,1,2,1,43,51,0.9996646498695335,1.0,100,-43.01710285665379,-43.0,-68.5,0.9996646498695335
923da982-5016-4456-980f-fe08463be1e4,OnionSalad,2,3,1,39,49,0.9999546021312976,1.0,100,-39.002224495566416,-39.0,-63.5,0.9999546021312976
923da982-5016-4456-980f-fe08463be1e4,OnionSalad,3,4,1,100,100,0.5,1.0,100,-150.0,-100.0,-150.0,0.5
923da982-5016-4456-980f-fe08463be1e4,OnionSalad,4,1,2,39,45,0.9975273768433652,1.0,100,-39.111268042048565,-39.0,-61.5,0.9975273768433652
923da982-5016-4456-980f-fe08463be1e4,OnionSalad,5,2,2,37,43,0.9975273768433651,1.0,100,-37.1063227957353,-37.0,-58.5,0.9975273768433651
923da982-5016-4456-980f-fe08463be1e4,OnionSalad,6,3,2,37,41,0.9820137900379083,1.0,100,-37.73743460844576,-37.0,-57.5,0.9820137900379083
923da982-5016-4456-980f-fe08463be1e4,OnionSalad,7,4,2,100,100,0.5,1.0,100,-150.0,-100.0,-150.0,0.5
923da982-5016-4456-980f-fe08463be1e4,OnionSalad,8,1,3,100,100,0.5,1.0,100,-150.0,-100.0,-150.0,0.5
923da982-5016-4456-980f-fe08463be1e4,OnionSalad,9,2,3,45,45,0.5,1.0,100,-67.5,-45.0,-67.5,0.5
923da982-5016-4456-980f-fe08463be1e4,OnionSalad,10,3,3,41,41,0.5,1.0,100,-61.5,-41.0,-61.5,0.5
923da982-5016-4456-980f-fe08463be1e4,OnionSalad,11,4,3,100,100,0.5,1.0,100,-150.0,-100.0,-150.0,0.5
923da982-5016-4456-980f-fe08463be1e4,TomatoSalad,0,1,1,100,100,0.5,1.0,100,-150.0,-100.0,-150.0,0.5
923da982-5016-4456-980f-fe08463be1e4,TomatoSalad,1,2,1,51,43,0.00033535013046647805,1.0,100,-93.98557994438994,-51.0,-72.5,0.00033535013046647805
923da982-5016-4456-980f-fe08463be1e4,TomatoSalad,2,3,1,49,39,4.5397868702434395e-05,1.0,100,-87.99822948312061,-49.0,-68.5,4.5397868702434395e-05
923da982-5016-4456-980f-fe08463be1e4,TomatoSalad,3,4,1,100,100,0.5,1.0,100,-150.0,-100.0,-150.0,0.5
923da982-5016-4456-980f-fe08463be1e4,TomatoSalad,4,1,2,45,39,0.0024726231566347743,1.0,100,-83.90356769689124,-45.0,-64.5,0.0024726231566347743
923da982-5016-4456-980f-fe08463be1e4,TomatoSalad,5,2,2,43,37,0.0024726231566347743,1.0,100,-79.90851294320451,-43.0,-61.5,0.0024726231566347743
923da982-5016-4456-980f-fe08463be1e4,TomatoSalad,6,3,2,41,37,0.01798620996209156,1.0,100,-77.33451023140262,-41.0,-59.5,0.01798620996209156
923da982-5016-4456-980f-fe08463be1e4,TomatoSalad,7,4,2,100,100,0.5,1.0,100,-150.0,-100.0,-150.0,0.5
923da982-5016-4456-980f-fe08463be1e4,TomatoSalad,8,1,3,100,100,0.5,1.0,100,-150.0,-100.0,-150.0,0.5
923da982-5016-4456-980f-fe08463be1e4,TomatoSalad,9,2,3,45,45,0.5,1.0,100,-67.5,-45.0,-67.5,0.5
923da982-5016-4456-980f-fe08463be1e4,TomatoSalad,10,3,3,41,41,0.5,1.0,100,-61.5,-41.0,-61.5,0.5
923da982-5016-4456-980f-fe08463be1e4,TomatoSalad,11,4,3,100,100,0.5,1.0,100,-150.0,-100.0,-150.0,0.5
94e306f0-ad75-49ba-b2f1-553a5ce7c9c5,OnionSalad,0,1,1,31,31,0.5,1.0,100,-46.5,-31.0,-46.5,0.5
94e306f0-ad75-49ba-b2f1-553a5ce7c9c5,OnionSalad,1,2,1,33,33,0.5,1.0,100,-49.5,-33.0,-49.5,0.5
94e306f0-ad75-49ba-b2f1-553a5ce7c9c5,OnionSalad,2,3,1,33,35,0.8807970779778824,1.0,100,-37.17210227077412,-33.0,-50.5,0.8807970779778824
94e306f0-ad75-49ba-b2f1-553a5ce7c9c5,OnionSalad,3,4,1,100,100,0.5,1.0,100,-150.0,-100.0,-150.0,0.5
94e306f0-ad75-49ba-b2f1-553a5ce7c9c5,OnionSalad,4,1,2,29,29,0.5,1.0,100,-43.5,-29.0,-43.5,0.5
94e306f0-ad75-49ba-b2f1-553a5ce7c9c5,OnionSalad,5,2,2,31,31,0.5,1.0,100,-46.5,-31.0,-46.5,0.5
94e306f0-ad75-49ba-b2f1-553a5ce7c9c5,OnionSalad,6,3,2,33,33,0.5,1.0,100,-49.5,-33.0,-49.5,0.5
94e306f0-ad75-49ba-b2f1-553a5ce7c9c5,OnionSalad,7,4,2,37,100,1.0,1.0,100,-37.0,-37.0,-87.0,1.0
94e306f0-ad75-49ba-b2f1-553a5ce7c9c5,OnionSalad,8,1,3,100,100,0.5,1.0,100,-150.0,-100.0,-150.0,0.5
94e306f0-ad75-49ba-b2f1-553a5ce7c9c5,OnionSalad,9,2,3,37,29,0.0003353501304664781,1.0,100,-65.99027484621647,-37.0,-51.5,0.0003353501304664781
94e306f0-ad75-49ba-b2f1-553a5ce7c9c5,OnionSalad,10,3,3,39,31,0.00033535013046647805,1.0,100,-69.98960414595554,-39.0,-54.5,0.00033535013046647805
94e306f0-ad75-49ba-b2f1-553a5ce7c9c5,OnionSalad,11,4,3,100,33,7.984904245686979e-30,1.0,100,-133.0,-100.0,-116.5,7.984904245686979e-30
94e306f0-ad75-49ba-b2f1-553a5ce7c9c5,TomatoSalad,0,1,1,31,31,0.5,1.0,100,-46.5,-31.0,-46.5,0.5
94e306f0-ad75-49ba-b2f1-553a5ce7c9c5,TomatoSalad,1,2,1,33,33,0.5,1.0,100,-49.5,-33.0,-49.5,0.5
94e306f0-ad75-49ba-b2f1-553a5ce7c9c5,TomatoSalad,2,3,1,35,33,0.11920292202211755,1.0,100,-64.06630357327012,-35.0,-51.5,0.11920292202211755
94e306f0-ad75-49ba-b2f1-553a5ce7c9c5,TomatoSalad,3,4,1,100,100,0.5,1.0,100,-150.0,-100.0,-150.0,0.5
94e306f0-ad75-49ba-b2f1-553a5ce7c9c5,TomatoSalad,4,1,2,29,29,0.5,1.0,100,-43.5,-29.0,-43.5,0.5
94e306f0-ad75-49ba-b2f1-553a5ce7c9c5,TomatoSalad,5,2,2,31,31,0.5,1.0,100,-46.5,-31.0,-46.5,0.5
94e306f0-ad75-49ba-b2f1-553a5ce7c9c5,TomatoSalad,6,3,2,33,33,0.5,1.0,100,-49.5,-33.0,-49.5,0.5
94e306f0-ad75-49ba-b2f1-553a5ce7c9c5,TomatoSalad,7,4,2,100,37,4.359610000063081e-28,1.0,100,-137.0,-100.0,-118.5,4.359610000063081e-28
94e306f0-ad75-49ba-b2f1-553a5ce7c9c5,TomatoSalad,8,1,3,100,100,0.5,1.0,100,-150.0,-100.0,-150.0,0.5
94e306f0-ad75-49ba-b2f1-553a5ce7c9c5,TomatoSalad,9,2,3,29,37,0.9996646498695335,1.0,100,-29.01240795482726,-29.0,-47.5,0.9996646498695335
94e306f0-ad75-49ba-b2f1-553a5ce7c9c5,TomatoSalad,10,3,3,31,39,0.9996646498695335,1.0,100,-31.013078655088194,-31.0,-50.5,0.9996646498695335
94e306f0-ad75-49ba-b2f1-553a5ce7c9c5,TomatoSalad,11,4,3,33,100,1.0,1.0,100,-33.0,-33.0,-83.0,1.0
9869c018-45e4-4d69-80fb-dc3e7ac8cb03,OnionSalad,0,1,1,100,100,0.5,1.0,100,-150.0,-100.0,-150.0,0.5
9869c018-45e4-4d69-80fb-dc3e7ac8cb03,OnionSalad,1,2,1,52,34,1.522997951276035e-08,1.0,100,-85.9999994821807,-52.0,-69.0,1.522997951276035e-08
9869c018-45e4-4d69-80fb-dc3e7ac8cb03,OnionSalad,2,3,1,56,38,1.522997951276035e-08,1.0,100,-93.99999942126078,-56.0,-75.0,1.522997951276035e-08
9869c018-45e4-4d69-80fb-dc3e7ac8cb03,OnionSalad,3,4,1,100,100,0.5,1.0,100,-150.0,-100.0,-150.0,0.5
9869c018-45e4-4d69-80fb-dc3e7ac8cb03,OnionSalad,4,1,2,100,100,0.5,1.0,100,-150.0,-100.0,-150.0,0.5
9869c018-45e4-4d69-80fb-dc3e7ac8cb03,OnionSalad,5,2,2,28,26,0.11920292202211755,1.0,100,-50.90072402742494,-28.0,-41.0,0.11920292202211755
9869c018-45e4-4d69-80fb-dc3e7ac8cb03,OnionSalad,6,3,2,32,30,0.11920292202211755,1.0,100,-58.42391233933647,-32.0,-47.0,0.11920292202211755
9869c018-45e4-4d69-80fb-dc3e7ac8cb03,OnionSalad,7,4,2,36,34,0.11920292202211757,1.0,100,-65.94710065124801,-36.0,-53.0,0.11920292202211757
9869c018-45e4-4d69-80fb-dc3e7ac8cb03,OnionSalad,8,1,3,100,100,0.5,1.0,100,-150.0,-100.0,-150.0,0.5
9869c018-45e4-4d69-80fb-dc3e7ac8cb03,OnionSalad,9,2,3,28,28,0.5,1.0,100,-42.0,-28.0,-42.0,0.5
9869c018-45e4-4d69-80fb-dc3e7ac8cb03,OnionSalad,10,3,3,32,32,0.5,1.0,100,-48.0,-32.0,-48.0,0.5
9869c018-45e4-4d69-80fb-dc3e7ac8cb03,OnionSalad,11,4,3,36,36,0.5,1.0,100,-54.0,-36.0,-54.0,0.5
9869c018-45e4-4d69-80fb-dc3e7ac8cb03,TomatoSalad,0,1,1,100,100,0.5,1.0,100,-150.0,-100.0,-150.0,0.5
9869c018-45e4-4d69-80fb-dc3e7ac8cb03,TomatoSalad,1,2,1,34,52,0.9999999847700205,1.0,100,-34.00000079195893,-34.0,-60.0,0.9999999847700205
9869c018-45e4-4d69-80fb-dc3e7ac8cb03,TomatoSalad,2,3,1,38,56,0.9999999847700205,1.0,100,-38.000000852878856,-38.0,-66.0,0.9999999847700205
9869c018-45e4-4d69-80fb-dc3e7ac8cb03,TomatoSalad,3,4,1,100,100,0.5,1.0,100,-150.0,-100.0,-150.0,0.5
9869c018-45e4-4d69-80fb-dc3e7ac8cb03,TomatoSalad,4,1,2,100,100,0.5,1.0,100,-150.0,-100.0,-150.0,0.5
9869c018-45e4-4d69-80fb-dc3e7ac8cb03,TomatoSalad,5,2,2,26,28,0.8807970779778825,1.0,100,-29.337681816619288,-26.0,-40.0,0.8807970779778825
9869c018-45e4-4d69-80fb-dc3e7ac8cb03,TomatoSalad,6,3,2,30,32,0.8807970779778824,1.0,100,-33.81449350470776,-30.0,-46.0,0.8807970779778824
9869c018-45e4-4d69-80fb-dc3e7ac8cb03,TomatoSalad,7,4,2,34,36,0.8807970779778825,1.0,100,-38.29130519279623,-34.0,-52.0,0.8807970779778825
9869c018-45e4-4d69-80fb-dc3e7ac8cb03,TomatoSalad,8,1,3,100,100,0.5,1.0,100,-150.0,-100.0,-150.0,0.5
9869c018-45e4-4d69-80fb-dc3e7ac8cb03,TomatoSalad,9,2,3,28,28,0.5,1.0,100,-42.0,-28.0,-42.0,0.5
9869c018-45e4-4d69-80fb-dc3e7ac8cb03,TomatoSalad,10,3,3,32,32,0.5,1.0,100,-48.0,-32.0,-48.0,0.5
9869c018-45e4-4d69-80fb-dc3e7ac8cb03,TomatoSalad,11,4,3,36,36,0.5,1.0,100,-54.0,-36.0,-54.0,0.5
9ea49cb3-212e-452f-908a-09b81601fe45,OnionSalad,0,1,1,100,100,0.5,1.0,100,-150.0,-100.0,-150.0,0.5
9ea49cb3-212e-452f-908a-09b81601fe45,OnionSalad,1,2,1,31,41,0.9999546021312975,1.0,100,-31.001861312616803,-31.0,-51.5,0.9999546021312975
9ea49cb3-212e-452f-908a-09b81601fe45,OnionSalad,2,3,1,37,41,0.9820137900379083,1.0,100,-37.73743460844576,-37.0,-57.5,0.9820137900379083
9ea49cb3-212e-452f-908a-09b81601fe45,OnionSalad,3,4,1,100,100,0.5,1.0,100,-150.0,-100.0,-150.0,0.5
9ea49cb3-212e-452f-908a-09b81601fe45,OnionSalad,4,1,2,100,100,0.5,1.0,100,-150.0,-100.0,-150.0,0.5
9ea49cb3-212e-452f-908a-09b81601fe45,OnionSalad,5,2,2,29,29,0.5,1.0,100,-43.5,-29.0,-43.5,0.5
9ea49cb3-212e-452f-908a-09b81601fe45,OnionSalad,6,3,2,29,29,0.5,1.0,100,-43.5,-29.0,-43.5,0.5
9ea49cb3-212e-452f-908a-09b81601fe45,OnionSalad,7,4,2,100,100,0.5,1.0,100,-150.0,-100.0,-150.0,0.5
9ea49cb3-212e-452f-908a-09b81601fe45,OnionSalad,8,1,3,100,100,0.5,1.0,100,-150.0,-100.0,-150.0,0.5
9ea49cb3-212e-452f-908a-09b81601fe45,OnionSalad,9,2,3,41,29,6.144174602214718e-06,1.0,100,-69.99982181893654,-41.0,-55.5,6.144174602214718e-06
9ea49cb3-212e-452f-908a-09b81601fe45,OnionSalad,10,3,3,41,29,6.144174602214718e-06,1.0,100,-69.99982181893654,-41.0,-55.5,6.144174602214718e-06
9ea49cb3-212e-452f-908a-09b81601fe45,OnionSalad,11,4,3,100,100,0.5,1.0,100,-150.0,-100.0,-150.0,0.5
9ea49cb3-212e-452f-908a-09b81601fe45,TomatoSalad,0,1,1,100,100,0.5,1.0,100,-150.0,-100.0,-150.0,0.5
9ea49cb3-212e-452f-908a-09b81601fe45,TomatoSalad,1,2,1,41,31,4.539786870243439e-05,1.0,100,-71.99859266607022,-41.0,-56.5,4.539786870243439e-05
9ea49cb3-212e-452f-908a-09b81601fe45,TomatoSalad,2,3,1,41,37,0.01798620996209156,1.0,100,-77.33451023140262,-41.0,-59.5,0.01798620996209156
9ea49cb3-212e-452f-908a-09b81601fe45,TomatoSalad,3,4,1,100,100,0.5,1.0,100,-150.0,-100.0,-150.0,0.5
9ea49cb3-212e-452f-908a-09b81601fe45,TomatoSalad,4,1,2,100,100,0.5,1.0,100,-150.0,-100.0,-150.0,0.5
9ea49cb3-212e-452f-908a-09b81601fe45,TomatoSalad,5,2,2,29,29,0.5,1.0,100,-43.5,-29.0,-43.5,0.5
9ea49cb3-212e-452f-908a-09b81601fe45,TomatoSalad,6,3,2,29,29,0.5,1.0,100,-43.5,-29.0,-43.5,0.5
9ea49cb3-212e-452f-908a-09b81601fe45,TomatoSalad,7,4,2,100,100,0.5,1.0,100,-150.0,-100.0,-150.0,0.5
9ea49cb3-212e-452f-908a-09b81601fe45,TomatoSalad,8,1,3,100,100,0.5,1.0,100,-150.0,-100.0,-150.0,0.5
9ea49cb3-212e-452f-908a-09b81601fe45,TomatoSalad,9,2,3,29,41,0.9999938558253978,1.0,100,-29.000251911158692,-29.0,-49.5,0.9999938558253978
9ea49cb3-212e-452f-908a-09b81601fe45,TomatoSalad,10,3,3,29,41,0.9999938558253978,1.0,100,-29.000251911158692,-29.0,-49.5,0.9999938558253978
9ea49cb3-212e-452f-908a-09b81601fe45,TomatoSalad,11,4,3,100,100,0.5,1.0,100,-150.0,-100.0,-150.0,0.5
a3f0e9a9-0cec-4adb-855a-238beeba7bf9,OnionSalad,0,1,1,33,39,0.9975273768433651,1.0,100,-33.09643230310876,-33.0,-52.5,0.9975273768433651
a3f0e9a9-0cec-4adb-855a-238beeba7bf9,OnionSalad,1,2,1,39,37,0.11920292202211756,1.0,100,-71.58949188518164,-39.0,-57.5,0.11920292202211756
a3f0e9a9-0cec-4adb-855a-238beeba7bf9,OnionSalad,2,3,1,39,35,0.01798620996209156,1.0,100,-73.3704826513268,-39.0,-56.5,0.01798620996209156
a3f0e9a9-0cec-4adb-855a-238beeba7bf9,OnionSalad,3,4,1,39,33,0.002472623156634774,1.0,100,-71.91840343583105,-39.0,-55.5,0.002472623156634774
a3f0e9a9-0cec-4adb-855a-238beeba7bf9,OnionSalad,4,1,2,100,100,0.5,1.0,100,-150.0,-100.0,-150.0,0.5
a3f0e9a9-0cec-4adb-855a-238beeba7bf9,OnionSalad,5,2,2,33,33,0.5,1.0,100,-49.5,-33.0,-49.5,0.5
a3f0e9a9-0cec-4adb-855a-238beeba7bf9,OnionSalad,6,3,2,35,31,0.017986209962091555,1.0,100,-65.44242749117517,-35.0,-50.5,0.017986209962091555
a3f0e9a9-0cec-4adb-855a-238beeba7bf9,OnionSalad,7,4,2,100,100,0.5,1.0,100,-150.0,-100.0,-150.0,0.5
a3f0e9a9-0cec-4adb-855a-238beeba7bf9,OnionSalad,8,1,3,100,100,0.5,1.0,100,-150.0,-100.0,-150.0,0.5
a3f0e9a9-0cec-4adb-855a-238beeba7bf9,OnionSalad,9,2,3,43,61,0.9999999847700205,1.0,100,-43.00000092902875,-43.0,-73.5,0.9999999847700205
a3f0e9a9-0cec-4adb-855a-238beeba7bf9,OnionSalad,10,3,3,45,45,0.5,1.0,100,-67.5,-45.0,-67.5,0.5
a3f0e9a9-0cec-4adb-855a-238beeba7bf9,OnionSalad,11,4,3,100,100,0.5,1.0,100,-150.0,-100.0,-150.0,0.5
a3f0e9a9-0cec-4adb-855a-238beeba7bf9,TomatoSalad,0,1,1,39,33,0.002472623156634774,1.0,100,-71.91840343583105,-39.0,-55.5,0.002472623156634774
a3f0e9a9-0cec-4adb-855a-238beeba7bf9,TomatoSalad,1,2,1,37,39,0.8807970779778824,1.0,100,-41.648913958862586,-37.0,-56.5,0.8807970779778824
a3f0e9a9-0cec-4adb-855a-238beeba7bf9,TomatoSalad,2,3,1,35,39,0.9820137900379085,1.0,100,-35.70146218852157,-35.0,-54.5,0.9820137900379085
a3f0e9a9-0cec-4adb-855a-238beeba7bf9,TomatoSalad,3,4,1,33,39,0.9975273768433651,1.0,100,-33.09643230310876,-33.0,-52.5,0.9975273768433651
a3f0e9a9-0cec-4adb-855a-238beeba7bf9,TomatoSalad,4,1,2,100,100,0.5,1.0,100,-150.0,-100.0,-150.0,0.5
a3f0e9a9-0cec-4adb-855a-238beeba7bf9,TomatoSalad,5,2,2,33,33,0.5,1.0,100,-49.5,-33.0,-49.5,0.5
a3f0e9a9-0cec-4adb-855a-238beeba7bf9,TomatoSalad,6,3,2,31,35,0.9820137900379083,1.0,100,-31.629517348673208,-31.0,-48.5,0.9820137900379083
a3f0e9a9-0cec-4adb-855a-238beeba7bf9,TomatoSalad,7,4,2,100,100,0.5,1.0,100,-150.0,-100.0,-150.0,0.5
a3f0e9a9-0cec-4adb-855a-238beeba7bf9,TomatoSalad,8,1,3,100,100,0.5,1.0,100,-150.0,-100.0,-150.0,0.5
a3f0e9a9-0cec-4adb-855a-238beeba7bf9,TomatoSalad,9,2,3,61,43,1.522997951276035e-08,1.0,100,-103.99999934511088,-61.0,-82.5,1.522997951276035e-08
a3f0e9a9-0cec-4adb-855a-238beeba7bf9,TomatoSalad,10,3,3,45,45,0.5,1.0,100,-67.5,-45.0,-67.5,0.5
a3f0e9a9-0cec-4adb-855a-238beeba7bf9,TomatoSalad,11,4,3,100,100,0.5,1.0,100,-150.0,-100.0,-150.0,0.5
b69ccfaa-7ae4-4bf8-ac1f-a0a9d5fcb40f,OnionSalad,0,1,1,100,32,2.937482111710803e-30,1.0,100,-132.0,-100.0,-116.0,2.937482111710803e-30
b69ccfaa-7ae4-4bf8-ac1f-a0a9d5fcb40f,OnionSalad,1,2,1,42,28,8.315280276641322e-07,1.0,100,-69.99997671721522,-42.0,-56.0,8.315280276641322e-07
b69ccfaa-7ae4-4bf8-ac1f-a0a9d5fcb40f,OnionSalad,2,3,1,40,28,6.144174602214717e-06,1.0,100,-67.99982796311113,-40.0,-54.0,6.144174602214717e-06
b69ccfaa-7ae4-4bf8-ac1f-a0a9d5fcb40f,OnionSalad,3,4,1,100,100,0.5,1.0,100,-150.0,-100.0,-150.0,0.5
b69ccfaa-7ae4-4bf8-ac1f-a0a9d5fcb40f,OnionSalad,4,1,2,44,34,4.5397868702434395e-05,1.0,100,-77.99845647246411,-44.0,-61.0,4.5397868702434395e-05
b69ccfaa-7ae4-4bf8-ac1f-a0a9d5fcb40f,OnionSalad,5,2,2,40,30,4.5397868702434395e-05,1.0,100,-69.99863806393893,-40.0,-55.0,4.5397868702434395e-05
b69ccfaa-7ae4-4bf8-ac1f-a0a9d5fcb40f,OnionSalad,6,3,2,38,26,6.144174602214717e-06,1.0,100,-63.99984025146034,-38.0,-51.0,6.144174602214717e-06
b69ccfaa-7ae4-4bf8-ac1f-a0a9d5fcb40f,OnionSalad,7,4,2,100,100,0.5,1.0,100,-150.0,-100.0,-150.0,0.5
b69ccfaa-7ae4-4bf8-ac1f-a0a9d5fcb40f,OnionSalad,8,1,3,100,100,0.5,1.0,100,-150.0,-100.0,-150.0,0.5
b69ccfaa-7ae4-4bf8-ac1f-a0a9d5fcb40f,OnionSalad,9,2,3,100,100,0.5,1.0,100,-150.0,-100.0,-150.0,0.5
b69ccfaa-7ae4-4bf8-ac1f-a0a9d5fcb40f,OnionSalad,10,3,3,42,28,8.315280276641322e-07,1.0,100,-69.99997671721522,-42.0,-56.0,8.315280276641322e-07
b69ccfaa-7ae4-4bf8-ac1f-a0a9d5fcb40f,OnionSalad,11,4,3,100,100,0.5,1.0,100,-150.0,-100.0,-150.0,0.5
b69ccfaa-7ae4-4bf8-ac1f-a0a9d5fcb40f,TomatoSalad,0,1,1,32,100,1.0,1.0,100,-32.0,-32.0,-82.0,1.0
b69ccfaa-7ae4-4bf8-ac1f-a0a9d5fcb40f,TomatoSalad,1,2,1,28,42,0.9999991684719723,1.0,100,-28.00003492417716,-28.0,-49.0,0.9999991684719723
b69ccfaa-7ae4-4bf8-ac1f-a0a9d5fcb40f,TomatoSalad,2,3,1,28,40,0.9999938558253977,1.0,100,-28.000245766984094,-28.0,-48.0,0.9999938558253977
b69ccfaa-7ae4-4bf8-ac1f-a0a9d5fcb40f,TomatoSalad,3,4,1,100,100,0.5,1.0,100,-150.0,-100.0,-150.0,0.5
b69ccfaa-7ae4-4bf8-ac1f-a0a9d5fcb40f,TomatoSalad,4,1,2,34,44,0.9999546021312976,1.0,100,-34.00199750622291,-34.0,-56.0,0.9999546021312976
b69ccfaa-7ae4-4bf8-ac1f-a0a9d5fcb40f,TomatoSalad,5,2,2,30,40,0.9999546021312976,1.0,100,-30.001815914748097,-30.0,-50.0,0.9999546021312976
b69ccfaa-7ae4-4bf8-ac1f-a0a9d5fcb40f,TomatoSalad,6,3,2,26,38,0.9999938558253978,1.0,100,-26.000233478634883,-26.0,-45.0,0.9999938558253978
b69ccfaa-7ae4-4bf8-ac1f-a0a9d5fcb40f,TomatoSalad,7,4,2,100,100,0.5,1.0,100,-150.0,-100.0,-150.0,0.5
b69ccfaa-7ae4-4bf8-ac1f-a0a9d5fcb40f,TomatoSalad,8,1,3,100,100,0.5,1.0,100,-150.0,-100.0,-150.0,0.5
b69ccfaa-7ae4-4bf8-ac1f-a0a9d5fcb40f,TomatoSalad,9,2,3,100,100,0.5,1.0,100,-150.0,-100.0,-150.0,0.5
b69ccfaa-7ae4-4bf8-ac1f-a0a9d5fcb40f,TomatoSalad,10,3,3,28,42,0.9999991684719723,1.0,100,-28.00003492417716,-28.0,-49.0,0.9999991684719723
b69ccfaa-7ae4-4bf8-ac1f-a0a9d5fcb40f,TomatoSalad,11,4,3,100,100,0.5,1.0,100,-150.0,-100.0,-150.0,0.5
ccd95ed1-36b4-46f6-a2fc-fd3f110cda80,OnionSalad,0,1,1,100,100,0.5,1.0,100,-150.0,-100.0,-150.0,0.5
ccd95ed1-36b4-46f6-a2fc-fd3f110cda80,OnionSalad,1,2,1,31,33,0.8807970779778824,1.0,100,-34.93369642672988,-31.0,-47.5,0.8807970779778824
ccd95ed1-36b4-46f6-a2fc-fd3f110cda80,OnionSalad,2,3,1,31,37,0.9975273768433652,1.0,100,-31.091487056795486,-31.0,-49.5,0.9975273768433652
ccd95ed1-36b4-46f6-a2fc-fd3f110cda80,OnionSalad,3,4,1,31,39,0.9996646498695335,1.0,100,-31.013078655088194,-31.0,-50.5,0.9996646498695335
ccd95ed1-36b4-46f6-a2fc-fd3f110cda80,OnionSalad,4,1,2,100,100,0.5,1.0,100,-150.0,-100.0,-150.0,0.5
ccd95ed1-36b4-46f6-a2fc-fd3f110cda80,OnionSalad,5,2,2,27,33,0.9975273768433652,1.0,100,-27.081596564168947,-27.0,-43.5,0.9975273768433652
ccd95ed1-36b4-46f6-a2fc-fd3f110cda80,OnionSalad,6,3,2,29,37,0.9996646498695335,1.0,100,-29.01240795482726,-29.0,-47.5,0.9996646498695335
ccd95ed1-36b4-46f6-a2fc-fd3f110cda80,OnionSalad,7,4,2,29,39,0.9999546021312975,1.0,100,-29.001770516879397,-29.0,-48.5,0.9999546021312975
ccd95ed1-36b4-46f6-a2fc-fd3f110cda80,OnionSalad,8,1,3,100,100,0.5,1.0,100,-150.0,-100.0,-150.0,0.5
ccd95ed1-36b4-46f6-a2fc-fd3f110cda80,OnionSalad,9,2,3,35,47,0.9999938558253978,1.0,100,-35.000288776206304,-35.0,-58.5,0.9999938558253978
ccd95ed1-36b4-46f6-a2fc-fd3f110cda80,OnionSalad,10,3,3,35,51,0.999999887464838,1.0,100,-35.00000573929326,-35.0,-60.5,0.999999887464838
ccd95ed1-36b4-46f6-a2fc-fd3f110cda80,OnionSalad,11,4,3,100,100,0.5,1.0,100,-150.0,-100.0,-150.0,0.5
ccd95ed1-36b4-46f6-a2fc-fd3f110cda80,TomatoSalad,0,1,1,100,100,0.5,1.0,100,-150.0,-100.0,-150.0,0.5
ccd95ed1-36b4-46f6-a2fc-fd3f110cda80,TomatoSalad,1,2,1,33,31,0.11920292202211756,1.0,100,-60.304709417314356,-33.0,-48.5,0.11920292202211756
ccd95ed1-36b4-46f6-a2fc-fd3f110cda80,TomatoSalad,2,3,1,37,31,0.0024726231566347743,1.0,100,-67.92334868214432,-37.0,-52.5,0.0024726231566347743
ccd95ed1-36b4-46f6-a2fc-fd3f110cda80,TomatoSalad,3,4,1,39,31,0.00033535013046647805,1.0,100,-69.98960414595554,-39.0,-54.5,0.00033535013046647805
ccd95ed1-36b4-46f6-a2fc-fd3f110cda80,TomatoSalad,4,1,2,100,100,0.5,1.0,100,-150.0,-100.0,-150.0,0.5
ccd95ed1-36b4-46f6-a2fc-fd3f110cda80,TomatoSalad,5,2,2,33,27,0.0024726231566347743,1.0,100,-59.93323917477086,-33.0,-46.5,0.0024726231566347743
ccd95ed1-36b4-46f6-a2fc-fd3f110cda80,TomatoSalad,6,3,2,37,29,0.0003353501304664781,1.0,100,-65.99027484621647,-37.0,-51.5,0.0003353501304664781
ccd95ed1-36b4-46f6-a2fc-fd3f110cda80,TomatoSalad,7,4,2,39,29,4.5397868702434395e-05,1.0,100,-67.99868346180763,-39.0,-53.5,4.5397868702434395e-05
ccd95ed1-36b4-46f6-a2fc-fd3f110cda80,TomatoSalad,8,1,3,100,100,0.5,1.0,100,-150.0,-100.0,-150.0,0.5
ccd95ed1-36b4-46f6-a2fc-fd3f110cda80,TomatoSalad,9,2,3,47,35,6.144174602214718e-06,1.0,100,-81.99978495388892,-47.0,-64.5,6.144174602214718e-06
ccd95ed1-36b4-46f6-a2fc-fd3f110cda80,TomatoSalad,10,3,3,51,35,1.12535162055095e-07,1.0,100,-85.99999606126933,-51.0,-68.5,1.12535162055095e-07
ccd95ed1-36b4-46f6-a2fc-fd3f110cda80,TomatoSalad,11,4,3,100,100,0.5,1.0,100,-150.0,-100.0,-150.0,0.5
e5abe513-7271-4d97-8f41-c67d5dc744c7,OnionSalad,0,1,1,100,100,0.5,1.0,100,-150.0,-100.0,-150.0,0.5
e5abe513-7271-4d97-8f41-c67d5dc744c7,OnionSalad,1,2,1,59,59,0.5,1.0,100,-88.5,-59.0,-88.5,0.5
e5abe513-7271-4d97-8f41-c67d5dc744c7,OnionSalad,2,3,1,59,59,0.5,1.0,100,-88.5,-59.0,-88.5,0.5
e5abe513-7271-4d97-8f41-c67d5dc744c7,OnionSalad,3,4,1,100,100,0.5,1.0,100,-150.0,-100.0,-150.0,0.5
e5abe513-7271-4d97-8f41-c67d5dc744c7,OnionSalad,4,1,2,55,49,0.0024726231566347743,1.0,100,-103.8788414653249,-55.0,-79.5,0.0024726231566347743
e5abe513-7271-4d97-8f41-c67d5dc744c7,OnionSalad,5,2,2,51,45,0.002472623156634774,1.0,100,-95.88873195795144,-51.0,-73.5,0.002472623156634774
e5abe513-7271-4d97-8f41-c67d5dc744c7,OnionSalad,6,3,2,51,45,0.002472623156634774,1.0,100,-95.88873195795144,-51.0,-73.5,0.002472623156634774
e5abe513-7271-4d97-8f41-c67d5dc744c7,OnionSalad,7,4,2,57,45,6.144174602214717e-06,1.0,100,-101.99972351214291,-57.0,-79.5,6.144174602214717e-06
e5abe513-7271-4d97-8f41-c67d5dc744c7,OnionSalad,8,1,3,100,100,0.5,1.0,100,-150.0,-100.0,-150.0,0.5
e5abe513-7271-4d97-8f41-c67d5dc744c7,OnionSalad,9,2,3,53,47,0.0024726231566347748,1.0,100,-99.88378671163817,-53.0,-76.5,0.0024726231566347748
e5abe513-7271-4d97-8f41-c67d5dc744c7,OnionSalad,10,3,3,53,47,0.0024726231566347748,1.0,100,-99.88378671163817,-53.0,-76.5,0.0024726231566347748
e5abe513-7271-4d97-8f41-c67d5dc744c7,OnionSalad,11,4,3,100,100,0.5,1.0,100,-150.0,-100.0,-150.0,0.5
e5abe513-7271-4d97-8f41-c67d5dc744c7,TomatoSalad,0,1,1,100,100,0.5,1.0,100,-150.0,-100.0,-150.0,0.5
e5abe513-7271-4d97-8f41-c67d5dc744c7,TomatoSalad,1,2,1,59,59,0.5,1.0,100,-88.5,-59.0,-88.5,0.5
e5abe513-7271-4d97-8f41-c67d5dc744c7,TomatoSalad,2,3,1,59,59,0.5,1.0,100,-88.5,-59.0,-88.5,0.5
e5abe513-7271-4d97-8f41-c67d5dc744c7,TomatoSalad,3,4,1,100,100,0.5,1.0,100,-150.0,-100.0,-150.0,0.5
e5abe513-7271-4d97-8f41-c67d5dc744c7,TomatoSalad,4,1,2,49,55,0.9975273768433652,1.0,100,-49.13599427361491,-49.0,-76.5,0.9975273768433652
e5abe513-7271-4d97-8f41-c67d5dc744c7,TomatoSalad,5,2,2,45,51,0.9975273768433651,1.0,100,-45.12610378098838,-45.0,-70.5,0.9975273768433651
e5abe513-7271-4d97-8f41-c67d5dc744c7,TomatoSalad,6,3,2,45,51,0.9975273768433651,1.0,100,-45.12610378098838,-45.0,-70.5,0.9975273768433651
e5abe513-7271-4d97-8f41-c67d5dc744c7,TomatoSalad,7,4,2,45,57,0.9999938558253978,1.0,100,-45.000350217952324,-45.0,-73.5,0.9999938558253978
e5abe513-7271-4d97-8f41-c67d5dc744c7,TomatoSalad,8,1,3,100,100,0.5,1.0,100,-150.0,-100.0,-150.0,0.5
e5abe513-7271-4d97-8f41-c67d5dc744c7,TomatoSalad,9,2,3,47,53,0.9975273768433653,1.0,100,-47.131049027301636,-47.0,-73.5,0.9975273768433653
e5abe513-7271-4d97-8f41-c67d5dc744c7,TomatoSalad,10,3,3,47,53,0.9975273768433653,1.0,100,-47.131049027301636,-47.0,-73.5,0.9975273768433653
e5abe513-7271-4d97-8f41-c67d5dc744c7,TomatoSalad,11,4,3,100,100,0.5,1.0,100,-150.0,-100.0,-150.0,0.5
e9fc4a2f-efaf-4341-b11b-bf9fbb625dc5,OnionSalad,0,1,1,100,100,0.5,1.0,100,-150.0,-100.0,-150.0,0.5
e9fc4a2f-efaf-4341-b11b-bf9fbb625dc5,OnionSalad,1,2,1,49,33,1.1253516205509498e-07,1.0,100,-81.99999628633965,-49.0,-65.5,1.1253516205509498e-07
e9fc4a2f-efaf-4341-b11b-bf9fbb625dc5,OnionSalad,2,3,1,49,35,8.315280276641322e-07,1.0,100,-83.99997089651903,-49.0,-66.5,8.315280276641322e-07
e9fc4a2f-efaf-4341-b11b-bf9fbb625dc5,OnionSalad,3,4,1,100,100,0.5,1.0,100,-150.0,-100.0,-150.0,0.5
e9fc4a2f-efaf-4341-b11b-bf9fbb625dc5,OnionSalad,4,1,2,100,100,0.5,1.0,100,-150.0,-100.0,-150.0,0.5
e9fc4a2f-efaf-4341-b11b-bf9fbb625dc5,OnionSalad,5,2,2,47,43,0.017986209962091555,1.0,100,-89.22659297163005,-47.0,-68.5,0.017986209962091555
e9fc4a2f-efaf-4341-b11b-bf9fbb625dc5,OnionSalad,6,3,2,41,35,0.0024726231566347743,1.0,100,-75.91345818951778,-41.0,-58.5,0.0024726231566347743
e9fc4a2f-efaf-4341-b11b-bf9fbb625dc5,OnionSalad,7,4,2,100,100,0.5,1.0,100,-150.0,-100.0,-150.0,0.5
e9fc4a2f-efaf-4341-b11b-bf9fbb625dc5,OnionSalad,8,1,3,100,100,0.5,1.0,100,-150.0,-100.0,-150.0,0.5
e9fc4a2f-efaf-4341-b11b-bf9fbb625dc5,OnionSalad,9,2,3,51,39,6.144174602214717e-06,1.0,100,-89.99976037719051,-51.0,-70.5,6.144174602214717e-06
e9fc4a2f-efaf-4341-b11b-bf9fbb625dc5,OnionSalad,10,3,3,39,41,0.8807970779778824,1.0,100,-43.88731980290682,-39.0,-59.5,0.8807970779778824
e9fc4a2f-efaf-4341-b11b-bf9fbb625dc5,OnionSalad,11,4,3,100,100,0.5,1.0,100,-150.0,-100.0,-150.0,0.5
e9fc4a2f-efaf-4341-b11b-bf9fbb625dc5,TomatoSalad,0,1,1,100,100,0.5,1.0,100,-150.0,-100.0,-150.0,0.5
e9fc4a2f-efaf-4341-b11b-bf9fbb625dc5,TomatoSalad,1,2,1,33,49,0.9999998874648379,1.0,100,-33.00000551422294,-33.0,-57.5,0.9999998874648379
e9fc4a2f-efaf-4341-b11b-bf9fbb625dc5,TomatoSalad,2,3,1,35,49,0.9999991684719725,1.0,100,-35.00004074487335,-35.0,-59.5,0.9999991684719725
e9fc4a2f-efaf-4341-b11b-bf9fbb625dc5,TomatoSalad,3,4,1,100,100,0.5,1.0,100,-150.0,-100.0,-150.0,0.5
e9fc4a2f-efaf-4341-b11b-bf9fbb625dc5,TomatoSalad,4,1,2,100,100,0.5,1.0,100,-150.0,-100.0,-150.0,0.5
e9fc4a2f-efaf-4341-b11b-bf9fbb625dc5,TomatoSalad,5,2,2,43,47,0.9820137900379085,1.0,100,-43.8453518682183,-43.0,-66.5,0.9820137900379085
e9fc4a2f-efaf-4341-b11b-bf9fbb625dc5,TomatoSalad,6,3,2,35,41,0.9975273768433652,1.0,100,-35.101377549422025,-35.0,-55.5,0.9975273768433652
e9fc4a2f-efaf-4341-b11b-bf9fbb625dc5,TomatoSalad,7,4,2,100,100,0.5,1.0,100,-150.0,-100.0,-150.0,0.5
e9fc4a2f-efaf-4341-b11b-bf9fbb625dc5,TomatoSalad,8,1,3,100,100,0.5,1.0,100,-150.0,-100.0,-150.0,0.5
e9fc4a2f-efaf-4341-b11b-bf9fbb625dc5,TomatoSalad,9,2,3,39,51,0.9999938558253978,1.0,100,-39.00031335290471,-39.0,-64.5,0.9999938558253978
e9fc4a2f-efaf-4341-b11b-bf9fbb625dc5,TomatoSalad,10,3,3,41,39,0.11920292202211756,1.0,100,-75.35108604113742,-41.0,-60.5,0.11920292202211756
e9fc4a2f-efaf-4341-b11b-bf9fbb625dc5,TomatoSalad,11,4,3,100,100,0.5,1.0,100,-150.0,-100.0,-150.0,0.5
